{
  "position": {
    "x": 0.0,
    "y": 1.600000023841858,
    "z": 0.0
  },
  "rotation": {
    "x": -0.0,
    "y": -0.7818015217781067,
    "z": -0.0,
    "w": 0.623527467250824
  },
  "sensor_container_rotation": {
    "x": -0.0,
    "y": -0.7818015217781067,
    "z": -0.0,
    "w": 0.623527467250824
  }
}