{
  "position": {
    "x": -0.27300000190734863,
    "y": 0.546999990940094,
    "z": 1.5770000219345093
  },
  "rotation": {
    "x": -0.0393531396985054,
    "y": 0.44675248861312866,
    "z": 0.010037649422883987,
    "w": 0.8937353491783142
  },
  "sensor_container_rotation": {
    "x": -0.0393531396985054,
    "y": 0.44675248861312866,
    "z": 0.010037649422883987,
    "w": 0.8937353491783142
  }
}