{
  "position": {
    "x": 0.28700000047683716,
    "y": 0.7089999914169312,
    "z": -0.08699999749660492
  },
  "rotation": {
    "x": -0.007611644454300404,
    "y": -0.9883126616477966,
    "z": 0.14114530384540558,
    "w": -0.057079706341028214
  },
  "sensor_container_rotation": {
    "x": -0.007611644454300404,
    "y": -0.9883126616477966,
    "z": 0.14114530384540558,
    "w": -0.057079706341028214
  }
}