{
  "position": {
    "x": -0.1589999943971634,
    "y": 0.6629999876022339,
    "z": -1.3350000381469727
  },
  "rotation": {
    "x": -0.0,
    "y": 0.3438050150871277,
    "z": -0.0,
    "w": 0.9390410780906677
  },
  "sensor_container_rotation": {
    "x": -0.0,
    "y": 0.3438050150871277,
    "z": -0.0,
    "w": 0.9390410780906677
  }
}