{
  "position": {
    "x": -1.343000054359436,
    "y": 0.9890000224113464,
    "z": -1.315999984741211
  },
  "rotation": {
    "x": 0.20317725837230682,
    "y": 0.329032301902771,
    "z": -0.07271798700094223,
    "w": 0.9193307161331177
  },
  "sensor_container_rotation": {
    "x": 0.20317725837230682,
    "y": 0.329032301902771,
    "z": -0.07271798700094223,
    "w": 0.9193307161331177
  }
}