{
  "position": {
    "x": -0.7929999828338623,
    "y": 0.7379999756813049,
    "z": -1.5399999618530273
  },
  "rotation": {
    "x": 0.0020941393449902534,
    "y": 0.9965623021125793,
    "z": -0.07842911034822464,
    "w": 0.026609260588884354
  },
  "sensor_container_rotation": {
    "x": 0.0020941393449902534,
    "y": 0.9965623021125793,
    "z": -0.07842911034822464,
    "w": 0.026609260588884354
  }
}