{
  "position": {
    "x": -1.1269999742507935,
    "y": 0.9470000267028809,
    "z": -1.4950000047683716
  },
  "rotation": {
    "x": -0.024062208831310272,
    "y": -0.9216222167015076,
    "z": 0.05790308490395546,
    "w": -0.38298937678337097
  },
  "sensor_container_rotation": {
    "x": -0.024062208831310272,
    "y": -0.9216222167015076,
    "z": 0.05790308490395546,
    "w": -0.38298937678337097
  }
}