{
  "position": {
    "x": -0.968999981880188,
    "y": 1.2339999675750732,
    "z": -0.3310000002384186
  },
  "rotation": {
    "x": 0.04443866387009621,
    "y": -0.719031572341919,
    "z": 0.04617346078157425,
    "w": 0.6920166015625
  },
  "sensor_container_rotation": {
    "x": 0.04443866387009621,
    "y": -0.719031572341919,
    "z": 0.04617346078157425,
    "w": 0.6920166015625
  }
}