{
  "position": {
    "x": 1.0839999914169312,
    "y": 1.0210000276565552,
    "z": -0.7570000290870667
  },
  "rotation": {
    "x": 0.08083996176719666,
    "y": -0.0,
    "z": -0.0,
    "w": 0.9967271685600281
  },
  "sensor_container_rotation": {
    "x": 0.08083996176719666,
    "y": -0.0,
    "z": -0.0,
    "w": 0.9967271685600281
  }
}