{
  "position": {
    "x": -0.8040000200271606,
    "y": 1.5479999780654907,
    "z": 2.444000005722046
  },
  "rotation": {
    "x": 0.1548302322626114,
    "y": 0.5584837794303894,
    "z": -0.10703352093696594,
    "w": 0.8078782558441162
  },
  "sensor_container_rotation": {
    "x": 0.1548302322626114,
    "y": 0.5584837794303894,
    "z": -0.10703352093696594,
    "w": 0.8078782558441162
  }
}