{
  "position": {
    "x": -0.18199999630451202,
    "y": 0.4650000035762787,
    "z": 2.134999990463257
  },
  "rotation": {
    "x": -0.0,
    "y": -0.5073074102401733,
    "z": -0.0,
    "w": 0.8617651462554932
  },
  "sensor_container_rotation": {
    "x": -0.0,
    "y": -0.5073074102401733,
    "z": -0.0,
    "w": 0.8617651462554932
  }
}