{
  "position": {
    "x": -0.9160000085830688,
    "y": 1.1920000314712524,
    "z": 2.0450000762939453
  },
  "rotation": {
    "x": -0.0,
    "y": -0.27409037947654724,
    "z": -0.0,
    "w": 0.9617040157318115
  },
  "sensor_container_rotation": {
    "x": -0.0,
    "y": -0.27409037947654724,
    "z": -0.0,
    "w": 0.9617040157318115
  }
}