{
  "position": {
    "x": 0.7099999785423279,
    "y": 0.8140000104904175,
    "z": 1.0839999914169312
  },
  "rotation": {
    "x": 0.04090123623609543,
    "y": 0.675358772277832,
    "z": 0.005686007905751467,
    "w": 0.736332356929779
  },
  "sensor_container_rotation": {
    "x": 0.04090123623609543,
    "y": 0.675358772277832,
    "z": 0.005686007905751467,
    "w": 0.736332356929779
  }
}