{
  "position": {
    "x": -1.218000054359436,
    "y": 0.8709999918937683,
    "z": 1.031999945640564
  },
  "rotation": {
    "x": 0.03561035916209221,
    "y": -0.2972361743450165,
    "z": 0.011094183661043644,
    "w": 0.9540752172470093
  },
  "sensor_container_rotation": {
    "x": 0.03561035916209221,
    "y": -0.2972361743450165,
    "z": 0.011094183661043644,
    "w": 0.9540752172470093
  }
}