{
  "position": {
    "x": -0.6990000009536743,
    "y": 1.9040000438690186,
    "z": -0.921999990940094
  },
  "rotation": {
    "x": 0.021422795951366425,
    "y": -0.9814748167991638,
    "z": 0.18885526061058044,
    "w": -0.024121791124343872
  },
  "sensor_container_rotation": {
    "x": 0.021422795951366425,
    "y": -0.9814748167991638,
    "z": 0.18885526061058044,
    "w": -0.024121791124343872
  }
}