{
  "position": {
    "x": -0.2879999876022339,
    "y": 0.953000009059906,
    "z": 0.7440000176429749
  },
  "rotation": {
    "x": 0.06064939126372337,
    "y": -0.18347333371639252,
    "z": 0.011342066340148449,
    "w": 0.9810864329338074
  },
  "sensor_container_rotation": {
    "x": 0.06064939126372337,
    "y": -0.18347333371639252,
    "z": 0.011342066340148449,
    "w": 0.9810864329338074
  }
}