{
  "position": {
    "x": 1.2640000581741333,
    "y": 1.347000002861023,
    "z": 1.5520000457763672
  },
  "rotation": {
    "x": -0.0,
    "y": -0.10858255624771118,
    "z": -0.0,
    "w": 0.9940874576568604
  },
  "sensor_container_rotation": {
    "x": -0.0,
    "y": -0.10858255624771118,
    "z": -0.0,
    "w": 0.9940874576568604
  }
}