{
  "position": {
    "x": -0.2759999930858612,
    "y": 1.3619999885559082,
    "z": -0.11599999666213989
  },
  "rotation": {
    "x": 0.03407101705670357,
    "y": -0.8316948413848877,
    "z": 0.05135298892855644,
    "w": 0.5518022179603577
  },
  "sensor_container_rotation": {
    "x": 0.03407101705670357,
    "y": -0.8316948413848877,
    "z": 0.05135298892855644,
    "w": 0.5518022179603577
  }
}